ImageURL,Number of cashless hospitals,Annual Premium
https://health.policybazaar.com/supplier-logo/Religare.png?var=16,368 Cashless Hospital(s) in your City,"10,965 annually"
https://health.policybazaar.com/supplier-logo/Religare.png?var=12,207 Cashless Hospital(s) in your City,"9,228 annually"
https://health.policybazaar.com/supplier-logo/Religare.png?var=12,453 Cashless Hospital(s) in your City,"10,608 annually"
https://health.policybazaar.com/supplier-logo/Religare.png?var=12,225 Cashless Hospital(s) in your City,"11,159 annually"
https://health.policybazaar.com/supplier-logo/Religare.png?var=12,308 Cashless Hospital(s) in your City,"8,793 annually"
https://health.policybazaar.com/supplier-logo/Religare.png?var=12,210 Cashless Hospital(s) in your City,"10,457 annually"
https://health.policybazaar.com/supplier-logo/Religare.png?var=12,225 Cashless Hospital(s) in your City,"9,518 annually"
https://health.policybazaar.com/supplier-logo/Religare.png?var=12,430 Cashless Hospital(s) in your City,"9,899 annually"
https://health.policybazaar.com/supplier-logo/Religare.png?var=12,241 Cashless Hospital(s) in your City,"13,293 annually"
https://health.policybazaar.com/supplier-logo/Religare.png?var=12,355 Cashless Hospital(s) in your City,"15,545 annually"
https://health.policybazaar.com/supplier-logo/Religare.png?var=12,28 Cashless Hospital(s) in your City,"16,001 annually"
https://health.policybazaar.com/supplier-logo/Max_Bupa.png?var=16,279 Cashless Hospital(s) in your City,"12,650 annually"
https://health.policybazaar.com/supplier-logo/Max_Bupa.png?var=12,272 Cashless Hospital(s) in your City,"8,421 annually"
https://health.policybazaar.com/supplier-logo/Max_Bupa.png?var=12,241 Cashless Hospital(s) in your City,"9,513 annually"
https://health.policybazaar.com/supplier-logo/Max_Bupa.png?var=12,77 Cashless Hospital(s) in your City,"10,693 annually"
https://health.policybazaar.com/supplier-logo/Max_Bupa.png?var=12,211 Cashless Hospital(s) in your City,"8,677 annually"
https://health.policybazaar.com/supplier-logo/Max_Bupa.png?var=12,273 Cashless Hospital(s) in your City,"10,813 annually"
https://health.policybazaar.com/supplier-logo/Star_Health.png?var=16,178 Cashless Hospital(s) in your City,"9,229 annually"
https://health.policybazaar.com/supplier-logo/Star_Health.png?var=12,331 Cashless Hospital(s) in your City,"9,084 annually"
https://health.policybazaar.com/supplier-logo/Star_Health.png?var=12,216 Cashless Hospital(s) in your City,"12,326 annually"
https://health.policybazaar.com/supplier-logo/Apollo_Munich.png?var=16,,"10,808 annually"
https://health.policybazaar.com/supplier-logo/Apollo_Munich.png?var=12,,
https://health.policybazaar.com/supplier-logo/Apollo_Munich.png?var=12,,
https://health.policybazaar.com/supplier-logo/Apollo_Munich.png?var=12,,
https://health.policybazaar.com/supplier-logo/Apollo_Munich.png?var=12,,
https://health.policybazaar.com/supplier-logo/Apollo_Munich.png?var=12,,
https://health.policybazaar.com/supplier-logo/HDFC_ERGO.png?var=16,,
https://health.policybazaar.com/supplier-logo/HDFC_ERGO.png?var=12,,
https://health.policybazaar.com/supplier-logo/HDFC_ERGO.png?var=12,,
https://health.policybazaar.com/supplier-logo/HDFC_ERGO.png?var=12,,
https://health.policybazaar.com/supplier-logo/HDFC_ERGO.png?var=12,,
https://health.policybazaar.com/supplier-logo/HDFC_ERGO.png?var=12,,
https://health.policybazaar.com/supplier-logo/Reliance_Health_insurance.png?var=16,,
https://health.policybazaar.com/supplier-logo/Reliance_Health_insurance.png?var=12,,
https://health.policybazaar.com/supplier-logo/Reliance_Health_insurance.png?var=12,,
https://health.policybazaar.com/supplier-logo/Reliance_Health_insurance.png?var=12,,
https://health.policybazaar.com/supplier-logo/Royal_Sundaram.png?var=16,,
https://health.policybazaar.com/supplier-logo/Royal_Sundaram.png?var=12,,
https://health.policybazaar.com/supplier-logo/Royal_Sundaram.png?var=12,,
https://health.policybazaar.com/supplier-logo/ManipalCigna.png?var=16,,
https://health.policybazaar.com/supplier-logo/ManipalCigna.png?var=12,,
https://health.policybazaar.com/supplier-logo/ManipalCigna.png?var=12,,
https://health.policybazaar.com/supplier-logo/Aditya_Birla.png?var=16,,
https://health.policybazaar.com/supplier-logo/DIGIT.png?var=16,,
https://health.policybazaar.com/supplier-logo/DIGIT.png?var=12,,
https://health.policybazaar.com/supplier-logo/DIGIT.png?var=12,,
https://health.policybazaar.com/supplier-logo/DIGIT.png?var=12,,
https://health.policybazaar.com/supplier-logo/Liberty_General_Insurance.png?var=16,,
https://health.policybazaar.com/supplier-logo/Liberty_General_Insurance.png?var=12,,
https://health.policybazaar.com/supplier-logo/Liberty_General_Insurance.png?var=12,,
https://health.policybazaar.com/supplier-logo/Liberty_General_Insurance.png?var=12,,
https://health.policybazaar.com/supplier-logo/Liberty_General_Insurance.png?var=12,,
https://health.policybazaar.com/supplier-logo/Liberty_General_Insurance.png?var=12,,
https://health.policybazaar.com/supplier-logo/Bajaj_Allianz.png?var=16,,
https://health.policybazaar.com/supplier-logo/Bajaj_Allianz.png?var=12,,
https://health.policybazaar.com/supplier-logo/Bajaj_Allianz.png?var=12,,
https://health.policybazaar.com/supplier-logo/Universal_Sompo.png?var=16,,
https://health.policybazaar.com/supplier-logo/Universal_Sompo.png?var=12,,
https://health.policybazaar.com/supplier-logo/Universal_Sompo.png?var=12,,
https://health.policybazaar.com/supplier-logo/Aditya_Birla.png?var=16,,
https://health.policybazaar.com/supplier-logo/Aditya_Birla.png?var=12,,
https://health.policybazaar.com/supplier-logo/Aditya_Birla.png?var=12,,
https://health.policybazaar.com/supplier-logo/Aditya_Birla.png?var=12,,
https://health.policybazaar.com/supplier-logo/Aditya_Birla.png?var=12,,
https://health.policybazaar.com/supplier-logo/Aditya_Birla.png?var=12,,
https://health.policybazaar.com/supplier-logo/Aditya_Birla.png?var=12,,
https://health.policybazaar.com/supplier-logo/Edelweiss.png?var=16,,
https://health.policybazaar.com/supplier-logo/Edelweiss.png?var=12,,
https://health.policybazaar.com/supplier-logo/Edelweiss.png?var=12,,
https://health.policybazaar.com/supplier-logo/Edelweiss.png?var=12,,
https://health.policybazaar.com/supplier-logo/Edelweiss.png?var=12,,
https://health.policybazaar.com/supplier-logo/Kotak_General_Insurance.png?var=16,,
https://health.policybazaar.com/supplier-logo/Kotak_General_Insurance.png?var=12,,
https://health.policybazaar.com/supplier-logo/Kotak_General_Insurance.png?var=12,,
https://health.policybazaar.com/supplier-logo/Tata_AIG.png?var=16,,
https://health.policybazaar.com/supplier-logo/Tata_AIG.png?var=12,,
https://health.policybazaar.com/supplier-logo/Reliance.png?var=16,,
https://health.policybazaar.com/supplier-logo/Reliance.png?var=12,,
https://health.policybazaar.com/supplier-logo/New_India_Assurance.png?var=16,,
https://health.policybazaar.com/supplier-logo/New_India_Assurance.png?var=12,,
https://health.policybazaar.com/supplier-logo/Future_Generali.png?var=16,,
https://health.policybazaar.com/supplier-logo/Future_Generali.png?var=12,,
https://health.policybazaar.com/supplier-logo/Iffco_Tokio.png?var=16,,
https://health.policybazaar.com/supplier-logo/Iffco_Tokio.png?var=12,,
